"","ID2","subject","timepoint","timepointgroup","phase","X4.METHYL.2.OXO.PENTANOIC.ACID_70","ALLANTOIN_204","BETAINE_247","X4.HYDROXYMANDELIC.ACID_328","CREATINE_586.1","DIACETYL_650","DL.HOMOCYSTEINE_778","DL.HOMOCYSTEINE_778_PEAK1","DL.HOMOCYSTEINE_778_PEAK2","MELATONIN_896","N.ACETYL.5.HYDROXYTRYPTAMINE_903","OROTIC.ACID_967","URATE_1175","X3.HYDROXY.3.METHYLGLUTARIC_1662","X4.ACETAMIDOPHENOL_1983","THEOPHYLLINE_2153","AZELAIC.ACID_2266","PARAXANTHINE_4687","PROPYL.GALLATE_4947","GLUTAMINE_5961","N.OMEGA.METHYLTRYPTAMINE_6088","P.TOLUENESULFONIC.ACID.MONOHYDRATE_6101","PHENYLALANINE_6140_PEAK1.1","PHENYLALANINE_6140_PEAK2.1","PHENYLALANINE_6140.1","HISTIDINE_6274","TRYPTOPHAN_6305","PROPYLPARABEN_7175","DIBUTYL.SEBACATE_7986","MESOXALATE_10132","X3.5.DIMETHOXYPHENOL_10383","VITAMIN.K4_11310","X2.3.4.TRIHYDROXYBENZOIC.ACID_11874","X5.PHENYLVALERIC.ACID_16757","METHYL.VANILLATE_19844","BUTYLATED.HYDROXYTOLUENE_31404","ACESULFAME.K_36573","OCTYL.GALLATE_61253","X4.ETHYLOCTANOIC.ACID_61840","X3.HYDROXYPROPIONIC.ACID.SODIUM.SALT_68152","N.BENZYLFORMAMIDE_80654","DIETHYL.2.METHYL.3.OXOSUCCINATE_97750","X2.4.DIHYDROXYBUTANOIC.ACID.CALCIUM.SALT_192742","X.S..DIHYDROOROTATE_439216","FUMARATE_444972","DETHIOBIOTIN_445027","RESVERATROL_445154","CROTONIC.ACID_637090","X1.6.ANHYDRO.B.D.GLUCOSE_2724705","LINOLEATE_5280450","LUMICHROME_5326566","FORMYL.L.METHIONYL.PEPTIDE_6995182","VITAMIN.D3_10883523"
"1","MISO1-S02-1","S02",1,"BD","non-miso",209,27724,100182,21500,25428,219,35139,35139,35139,5124,26151,304.5,2207,140961,1834,1452.5,41817,1227.5,18372,52,1271,4029,38221,38221,38221,23664,24556.5,15002.5,31122,150,41620,11098,599504,62054,266239,834,9797.5,64101,1465,4502,48691,122803,62.5,14207,4555,28237,13056,408,240,723,20822,987,101
"2","MISO1-S02-2","S02",2,"BD","non-miso",109,20855,109837,12190,28186,145,30306,30306,30306,2323,23898,569,1110,451062,1286,1699.5,11795,2600,4604,104,1308,4204,44985.5,44985.5,44985.5,17956,29736,7833,14333,56,16451,9513,6293,20712,15634,579,11246.5,29574,972,2284,43577,37545,127,14712,4993,24194,2266,145,51.5,374,2484,925,5240
"3","MISO1-S02-3","S02",3,"HD","miso",120,23121,223625,12442,28695,143,35825,35825,35825,3067,27798,394,896,389564,758,937.5,11797,712.5,5563,52,3202,3828,69524.5,69524.5,69524.5,19134,47055,6531,28358,174,6764,3037,7055,26985,10363,5225,6260,23772,2142,5990,33055,33589,62.5,15310,3618,12034,5458,133,116,7960,2302,465,1305
"4","MISO1-S02-4","S02",4,"HD","miso",127,16929,86350,8988,23361,330,26703,26703,26703,1459,21878,539,364,398021,615,2011.5,11962,1310.5,3059,52,3348,5511,32692.5,32692.5,32692.5,15065,22706.5,3233.5,10700,56,5357,2392,7235,3658,11274,1050,9742,6287,1814,4940,50330,22237,124,15744,5032,7675,2263,4898,1219,6727,1341,1964,2981
"5","MISO1-S02-5","S02",5,"WO","non-miso",240,13666,69835,7333,15342,106,23564,23564,23564,1811,27874,118.5,1879,412170,350,1486.5,2147,1526,3414,52,2606,4844,22374,22374,22374,17458,15751,3102.5,7631,118,19638,6113,12514,3838,11376,890,8213.5,7201,1424,4208,15525,20327,62.5,14431,4798,7725,1701,2601,1119,11509,891,452,1291
"6","MISO1-S03-1","S03",1,"BD","non-miso",53,16265,124492,3810,82660,342,21259,21259,21259,2108,23047,264.5,1590,394260,221,3124,3460,1802.5,2301,52,2795,4122,27066.5,27066.5,27066.5,15578,16163.5,3504.5,6611,112,10752,2436,8051,16406,8728,1196,11113,7907,829,3695,7054,535,62.5,15126,4184,6557,1125,4261,1528,11223,1894,1964,370
"7","MISO1-S03-2","S03",2,"BD","non-miso",298,14609,91252,4278,99899,266,19854,19854,19854,1265,23347,50,47510,401227,820,2584.5,2346,965.5,2664,162,3040,3474,34578.5,34578.5,34578.5,16130,19714,2064,8908,121,5966,2997,4390,17161,7509,1417,6708,6084,1095,5460,11256,3762,62.5,13304,5401,4937,1258,4007,1684,2009,1444,1184,2706
"8","MISO1-S03-3","S03",3,"HD","miso",106,18682,116354,5040,104837,5631,25700,25700,25700,3574,35232,376,43166,394567,717,5512.5,17338,103679.5,2045,31651,1818,4411,39615.5,39615.5,39615.5,17294,21344,1341.5,14018,7869,11002,2924,4585,19993,8621,1024,13067.5,4870,449,3396,4788,860,15897,14842,4204,7636,475,4893,10533,3153,1084,1121,824
"9","MISO1-S03-4","S03",4,"HD","miso",480,17500,103833,4800,116361,6339,24648,24648,24648,1348,23147,192.5,25229,398499,221,3023.5,1948,91867.5,1692,36373,1660,3213,41108,41108,41108,17483,25238.5,2576.5,8163,7819,4970,4029,4119,17000,9544,1238,5453.5,10955,1100,4442,11048,1553,13123,15220,6215,8150,305,5072,9412,3749,1536,102,242
"10","MISO1-S03-5","S03",5,"WO","non-miso",151,20762,273680,6806,203451,7694,31018,31018,31018,3469,25889,144,40081,384023,876,92139,2577,1994.5,2155,52522,3481,5524,89682,89682,89682,19264,50189,2027,4974,56,9581,3826,7104,5309,9530,603,10902,14494,2132,4084,5895,1180,21646,12581,4128,3975,115,6573,12625,5302,2490,945,5557
"11","MISO1-S06-1","S06",1,"BD","non-miso",422,21443,66523,3745,37358,401,41883,41883,41883,954,28322,24.25,48049,10634,369,88994.5,1281,4309.5,12084,43239,656,8907,80.5,80.5,80.5,19099,314.5,17501,9829,56,9112,4991,5819,3441,29548,663,12699,38553,895,4255,2855,1331,13056,14832,3870,140084,410,3947,8818,961645,1369,433,8717
"12","MISO1-S06-2","S06",2,"BD","non-miso",214,23447,6377,5377,5154,7321,57643,57643,57643,2075,17222,48.5,26765,4343,336,91057.5,14448,775.5,2702,58704,1394,10627,209.5,209.5,209.5,1795,632,1199.5,8744,56,6649,2685,1775,3020,2714,1435,6206,42092,1742,3336,5473,720,23891,14509,3719,25463,1017,7808,12384,4326,2069,1102,10122
"13","MISO1-S06-3","S06",3,"HD","miso",227,19147,407086,2805,34936,36006,111266,111266,111266,1696,23090,60,794,5584,577,93379,14871,88843,5695,95182,1084,12459,281.5,281.5,281.5,8375,650.5,14778,14271,9146,7154,2732,4327,5322,30032,27535,7633.5,36731,298,494960,3916,1773,60338,979,2746,124567,853,15625,44951,7593619,2444,571,12696
"14","MISO1-S06-4","S06",4,"HD","miso",35976,23073,413287,10159,10924,37318,2713,2713,2713,1492,5835,236,20804,1855,1027,4723.5,11857,100950.5,1091,76565,1115,4971,352.5,352.5,352.5,2523,379,3408,49825,8946,20222,5829,2537,5511,5933,238,12901.5,36709,1475,496190,6133,2806,58002,425084,6939,40708,880,14522,37722,7118870,1213,1208,1952
"15","MISO1-S06-5","S06",5,"WO","non-miso",713,615,1543,13329,103,32457,1307,1307,1307,1766,7599,438,1172,1691,965,92139,151,2933,1816,100946,590,4972,113.5,113.5,113.5,4478,464.5,1554,45996,9836,10367,6174,4150,26113,3734,621,10466.5,2860,704,537028,9428,2278,65463,476506,4383,37328,994,17921,47716,5729172,1915,697,2693
"16","MISO1-S08-1","S08",1,"BD","non-miso",900,1011,298,3877,8476,74476,1988,1988,1988,2296,5890,106.5,30470,2762,642,244302,5413,243997.5,2755,68770,1475,12442,167.5,167.5,167.5,2593,450,3281.5,48604,13751,8632,4926,4343,22055,4383,29749,11680,39066,1272,588876,8001,2933,73162,542124,2782,38805,169,11127,39628,12770375,2183,1803,2624
"17","MISO1-S08-2","S08",2,"BD","non-miso",70646,1543,42980,12729,241,59064,2136,2136,2136,1582,8015,350,26540,1846,807,59148,4990,93598,2087,75016,868,10622,173.5,173.5,173.5,4380,240.5,3006,49861,11461,7650,2872,2689,26020,4602,24680,4821,40359,811,562724,5146,4395,70857,498617,2758,38599,593,19835,53516,8848832,1673,555,9748
"18","MISO1-S08-3","S08",3,"HD","miso",47506,190,413,6838,113,41228,1846,1846,1846,2324,5174,586.5,30085,6361,795,2700.5,806,97078,1882,60702,1475,6978,72,72,72,5164,199.5,3313.5,51161,8625,9448,5436,4590,22402,4651,25330,6724,4077,1028,470030,12694,5012,61475,407538,10358,17457,389,16136,43300,1676384,1914,1106,5371
"19","MISO1-S08-4","S08",4,"HD","miso",122685,1145,1320,6148,107,61701,3383,3383,3383,1333,6241,602,37010,4617,798,13040,778,104230,1968,56912,720,6205,109514.5,109514.5,109514.5,1741,176538,2547,44423,10730,8016,11648,8113,2779,11447,23723,10111.5,1661,1260,568268,5192,278189,63560,499580,3260,3150,397,19685,47203,5782712,2700,599,2662
"20","MISO1-S08-5","S08",5,"WO","non-miso",206902,1111,51903,6392,114,77255,1589,1589,1589,2403,3064,376.5,17690,5082,1172,135592,1440,100944,1693,52964,2109,6977,197905,197905,197905,3390,321841,2337,42322,12029,6167,10671,1340,5316,10193,24450,21292.5,2154,832,5496,5362,234867,44587,499981,7090,19234,94,9057,17208,3755599,3174,199,2454
"21","MISO1-S09-1","S09",1,"BD","non-miso",26370,1801,34231,4265,314,40772,2230,2230,2230,1728,4965,318,40434,3214,960,9256.5,695,92815,1118,66200,3497,2671,380,380,380,1407,111802,2251.5,46396,10335,4434,7863,1046,3801,5270,23476,17827,3644,909,3740,8990,238271,55834,12383,4042,1857,884,5464,38970,957543,2485,965,3479
"22","MISO1-S09-2","S09",2,"BD","non-miso",119888,803,62612,4562,106,73498,2310,2310,2310,952,3620,1035.5,45245,2370,1641,13632.5,152,90180,1243,62782,3640,6563,128662.5,128662.5,128662.5,2157,179021,2167.5,52635,13161,6029,3635,2270,2821,11269,23062,7194.5,2330,991,494615,11864,245488,46888,437505,3008,3531,402,19832,49495,13203043,1400,621,1853
"23","MISO1-S09-3","S09",3,"HD","miso",74070,2028,62120,18909,392,72173,1203,1203,1203,35208,4106,720.5,28659,2956,73620,17122,990,95658.5,2145,62167,1607,6388,138,138,138,3908,298,10161,41120,19367,12869,3076,1007,3873,3558,23606,6001.5,1201,1070,5613,96907,4297,52346,10663,3544,1575,14616,21487,54987,3311397,4531,391,73805
"24","MISO1-S09-4","S09",4,"HD","miso",7786,11487,460703,8729,3600,9164,3172,3172,3172,3714,2882,292.5,74692,4717,473,3122.5,12978,119505.5,3176,46255,1691,8021,15168.5,15168.5,15168.5,5142,410,13127,14302,8143,18029,4153,1695,3319,5180,21830,12681,37997,1054,569585,4882,1839,20285,514631,40378,34251,234,6008,13144,3198426,2883,843,4229
"25","MISO1-S09-5","S09",5,"WO","non-miso",12233,216,32044,39436,112,17949,2099,2099,2099,36698,2423,1270,26434,2088,168,1740.5,1096,96683,2399,61872,640,5802,78,78,78,1776,36367,11771.5,29662,8859,7257,6932,1085,6559,4443,24330,18734.5,2317,1321,3413,8898,238350,29963,4654,4745,1005,13897,9969,19489,6513228,4520,620,71020
"26","MISO1-S10-1","S10",1,"BD","non-miso",14508,695,49641,4471,547,18238,1281,1281,1281,2170,4923,767.5,26670,1875,491,2027.5,875,98059.5,3908,69469,674,4433,123,123,123,1815,59.5,1633.5,54987,8955,4304,4551,1944,4396,2486,26778,11541.5,2238,118,293639,11623,237141,34375,240610,3665,1162,847,10925,22922,976511,1631,659,84083
"27","MISO1-S10-2","S10",2,"BD","non-miso",15530,492,62811,43166,107,18710,1915,1915,1915,31896,1794,670,47248,1831,701,4069,1297,97204.5,3575,55550,857,8858,53.5,53.5,53.5,1834,187.5,1680.5,44225,9315,5113,3640,941,2301,4090,21307,10043.5,2097,561,2405,87346,234405,35105,6601,5366,1328,13673,8990,23466,3919704,2050,646,78887
"28","MISO1-S10-3","S10",3,"HD","miso",12522,626,33225,14406,235,18508,1450,1450,1450,33797,3065,178,93157,2089,662,1741,294,97394.5,1788,64548,1622,4221,201.5,201.5,201.5,2258,46774,10291,41870,7927,9352,3531,795,4954,2784,23951,15918.5,2013,340,4282,75022,5245,30676,6296,3158,851,13388,8092,20741,3290914,2200,1651,75468
"29","MISO1-S10-4","S10",4,"HD","miso",10099,163,18786,32449,102,12220,2042,2042,2042,33283,5839,24.25,59837,1957,566,2211,352,103889.5,1932,49711,1002,4033,115,115,115,1653,221,11155.5,36808,7962,7397,7751,954,4376,5255,23584,8948.5,2315,1562,4687,71151,1855,23717,3203,5033,1249,13916,8889,14965,368493,2884,1758,74582
"30","MISO1-S10-5","S10",5,"WO","non-miso",4627,255,11862,39352,171,5173,1880,1880,1880,29996,1569,1678,77130,1844,533,5123,1697,103199.5,2978,35984,827,7966,115,115,115,2674,254,1916,46233,9901,5120,9744,819,3576,2214,21298,10748,4054,595,262946,58709,230300,14284,205249,3210,1977,13990,5090,9145,1978463,2918,1589,5008
"31","MISO1-S11-1","S11",1,"BD","non-miso",2570,271,51067,38177,112,3720,971,971,971,32350,2029,61,39859,3018,419,1990,379,104836,1992,26410,895,3883,119.5,119.5,119.5,2059,377,10854.5,32521,9800,11900,3281,916,3625,5813,22895,22670,1762,745,5986,102420,1839,9131,3774,4626,1375,13574,3724,6071,1859949,3422,187,77362
"32","MISO1-S11-2","S11",2,"BD","non-miso",53,598,28013,4787,241,1469,1744,1744,1744,1339,3280,128,2126,1891,478,1732.5,124,103027,1651,170,1947,2696,113.5,113.5,113.5,3341,415.5,1459.5,38389,6860,4394,8672,306,5278,5273,17349,9278.5,617,2284,4572,82545,1854,351,11344,3539,715,2527,1277,495,116379,154,1710,12402
"33","MISO1-S11-3","S11",3,"HD","miso",4124,210,32537,2725,567,7353,1247,1247,1247,652,2436,1143,76356,1187,925,2932.5,139,96488,1822,38559,1448,3963,206.5,206.5,206.5,1220,440,4588,10282,9527,3053,2147,1180,4084,3607,21190,7827.5,2085,843,3215,60042,5612,14140,4422,4893,946,440,6256,8477,264961,102,960,4459
"34","MISO1-S11-4","S11",4,"HD","miso",120,171,28160,42932,385,5945,1163,1163,1163,954,1750,52.5,29564,1209,424,2168,395,101781.5,2315,31078,1380,4754,193.5,193.5,193.5,3583,305,3710.5,33620,10338,4029,7562,1774,2827,5941,23030,12308.5,2391,1035,3783,73055,4234,12198,3284,5800,1243,659,3960,7856,2073352,127,712,79268
"35","MISO1-S11-5","S11",5,"WO","non-miso",579,279,31963,3735,178,27764,1380,1380,1380,1524,341,117,20807,2094,907,105992.5,101,100689,3133,81358,1893,6034,132.5,132.5,132.5,1710,297,10717.5,22143,10865,4518,1365,1815,3720,2713,423,8421,1874,604,4521,24657,2648,46397,7341,9451,804,3763,13010,28695,25435212,353,1081,8367
"36","MISO1-S12-1","S12",1,"BD","non-miso",24876,368,54082,38514,471,28620,1190,1190,1190,33908,3480,1667.5,41435,1329,480,2493,120,105080.5,3227,73510,1182,5562,110.5,110.5,110.5,5574,249.5,9351.5,19578,10345,4789,1517,1936,3061,8740,30161,14149.5,1736,2101,9904,85848,4009,55065,10601,3744,341,797,10876,41977,9483481,598,2137,4431
"37","MISO1-S12-2","S12",2,"BD","non-miso",26640,96,32738,1465,454,40801,1438,1438,1438,314,48,844.5,35503,534,484,1875.5,199,94850.5,2548,57467,2123,2602,112,112,112,3146,182.5,11366.5,10541,12375,60325,690,175,3948,3791,21474,6206.5,1763,1140,6292,10120,1771,59616,11584,5060,347,3456,12512,43946,27311164,392,2594,11175
"38","MISO1-S12-3","S12",3,"HD","miso",36998,345,46678,1033,267,54160,1513,1513,1513,410,114,954.5,45657,615,406,4841.5,149,95493,22352,88000,2200,3136,2595.5,2595.5,2595.5,4311,138,335420,19129,11400,3381,1306,775,2783,3579,23060,10533,955,1705,4022,20713,934,63513,3266,469,649,31211,17935,45196,24820460,117,2221,12070
"39","MISO1-S12-4","S12",4,"HD","miso",92934,265,27018,5171,556,44018,1614,1614,1614,520,125,693,48149,730,728,1634.5,380,103491.5,2231,72267,3045,5244,109446,109446,109446,4335,187050,13571.5,11233,11939,68766,400,1275,5253,2931,23762,8962.5,970,528,5896,15080,2485,56695,7399,5078,259,2244,19700,52924,28494390,101,2282,5411
"40","MISO1-S12-5","S12",5,"WO","non-miso",63943,340,33005,5237,104,27632,3283,3283,3283,634,48,428,91847,823,935,1158,257,102501.5,2096,53281,2418,3639,66797,66797,66797,3026,119827.5,18275.5,19125,12132,3609,794,1580,3077,3166,28257,8918,2435,102289,5333,56970,2752,58587,5635,239,868,2988,15445,40872,8832076,232,5648,7104
"41","MISO1-S13-1","S13",1,"BD","non-miso",93553,481,23287,2467,690,39738,1277,1277,1277,497,327,535.5,38322,364,434,14494,120,9862.5,22082,54494,1832,4796,98218,98218,98218,1368,183171,18204,17661,13168,69061,842,828,2829,1772,23125,27879,1464,105696,3992,12585,710,67313,7656,104,270,35798,7585,52448,15669968,98,1472,11327
"42","MISO1-S13-2","S13",2,"BD","non-miso",125190,155,36733,1461,110,47114,909,909,909,124,260,612.5,23361,708,278,2435.5,249,2457,23659,63150,2248,5078,121676,121676,121676,3892,216528.5,15315,19900,13084,75779,2087,212,1956,5430,25120,12718,972,108003,2607,19487,1038,73029,6535,1352,119,34364,19522,53661,22852640,139,1869,12137
"43","MISO1-S13-3","S13",3,"HD","miso",108752,605,27322,2515,1059,49105,982,982,982,844,146,449.5,29075,1134,506,2488,156,2321.5,22162,59459,2463,2333,97955.5,97955.5,97955.5,1215,165867,370569.5,15124,12960,2177,926,252,2355,2923,24072,13335.5,619,106414,3507,8496,976,57192,7436,490,402,34375,6540,50831,400218,189,614,5097
"44","MISO1-S13-4","S13",4,"HD","miso",14014,289,22134,2131,334,939922,2237,2237,2237,550,118,33903.5,3483,629,1277,3402.5,106,2933.5,20123,32893,1394,2410,100028.5,100028.5,100028.5,3256,198831,356850,29773,39674,3255,2370,245,10421,4408,16401,70595.5,1870,105771,3218,6737,717,824335,6866,223,320,36562,84536,156810,594454,408,368,2389
"45","MISO1-S13-5","S13",5,"WO","non-miso",116762,520,22582,34289,473,291747,1646,1646,1646,1944,7097,13837,28059,1579,3481,36946,1513,4460.5,69692,58413,60127,4792,174880.5,174880.5,174880.5,3242,286159.5,322825.5,39896,14785,6376,104364,91373,18683,231120,26196,8946,4341,105412,3946,10807,4370,88324,8702,1922,3739,31718,22570,56527,372558,776217,27845,3599
"46","MISO1-S15-1","S15",1,"BD","non-miso",89159,455,36120,5088,187,43491,2606,2606,2606,323,138,951.5,37283,607,1117,752.5,128,3120,22080,54234,4121,2398,122844.5,122844.5,122844.5,3082,219950.5,361841.5,35362,11135,4080,1016,1764,3792,74566,2412,4453,2022,106367,3843,6049,1021,67674,16672,607,210,33697,9571,47861,82224,17148,1972,6080
"47","MISO1-S15-2","S15",2,"BD","non-miso",185971,143,32278,1820,162,48876,1175,1175,1175,157,48,663.5,26399,366,661,544,419,2231,20152,47872,1892,3332,156410.5,156410.5,156410.5,2656,258240.5,356852.5,115935,11916,6762,687,413,10358,2850,1956,24061,2641,109134,4389,21203,600,50306,4830,133,470,35846,9974,48405,219261,108,1466,4141
"48","MISO1-S15-3","S15",3,"HD","miso",33933,129,40777,1340,277,28259,1313,1313,1313,175,148,666.5,90044,462,1595,3253.5,233,2968,20174,42653,3049,4367,24939.5,24939.5,24939.5,2179,34351,352788.5,76713,7629,63405,732,419,8754,3254,3176,12012,1322,105462,2774,23760,683,31860,11364,197,754,34402,1386,103,67784,132,3874,9734
"49","MISO1-S15-4","S15",4,"HD","miso",19935,200,55987,3142,418,17684,2273,2273,2273,152,115,1053.5,91958,684,684,1889.5,221,1764,18376,55618,2765,6177,24961,24961,24961,2420,46633.5,352759,25390,8313,6023,1104,798,7772,3169,3024,10644.5,1007,110307,7604,9766,957,35744,5160,492,335,32473,2012,23260,24693,258,1483,9652
"50","MISO1-S15-5","S15",5,"WO","non-miso",27973,95,18527,4870,1581,17534,1898,1898,1898,575,153,1099,92576,667,1812,888.5,118,2866.5,1748,65179,777,6169,23127.5,23127.5,23127.5,2278,54045,20141.5,46478,8219,49568,637,782,8458,8907,28507,22474.5,1643,106406,4131,17505,620,32801,33656,4333,614,1415,9656,727,53862,249,3662,3282
"51","MISO1-S18-1","S18",1,"BD","non-miso",31260,588,22500,3050,1152,17745,1162,1162,1162,213,351,351,29901,569,750,1301,191,2375.5,20717,65532,2219,4232,24552,24552,24552,2891,52279.5,363269,31649,9656,3844,1324,693,1736,2414,4176,11146.5,1863,102228,2987,12315,1421,36615,12328,257,1008,32714,1671,22911,81593,226,1597,2699
"52","MISO1-S18-2","S18",2,"BD","non-miso",34498,340,31914,5159,642,21160,1792,1792,1792,182,411,870.5,43294,129,675,500.5,1232,6035.5,21701,65316,1831,3352,23807,23807,23807,2438,59348,358575,113748,9039,11000,609,936,9878,4315,1652,16780.5,2337,108334,3836,10294,370,39451,5478,150,263,33765,10287,1382,97635,113,887,3899
"53","MISO1-S18-3","S18",3,"HD","miso",33476,352,32645,2940,208,16380,3399,3399,3399,711,109,657.5,37369,1544,1114,358.5,116,1937,21004,66614,2113,3078,24615,24615,24615,2307,60545.5,377340,30478,7658,4062,474,1519,7677,2368,4161,9709.5,1868,99942,5510,13359,629,33849,3977,325,680,31770,1996,989,50994,231,1027,5723
"54","MISO1-S18-4","S18",4,"HD","miso",66812,451,32604,1060,670,33648,1783,1783,1783,324,48,965,37326,900,1378,1793,228,1833.5,16535,52104,1452,3258,54119.5,54119.5,54119.5,2631,114894.5,373455,59770,9389,4027,481,812,10548,2675,4396,11560,981,109372,3274,6494,744,60385,12244,761,995,30165,6463,3608,136670,104,1642,3539
"55","MISO1-S18-5","S18",5,"WO","non-miso",25775,233,22332,1645,1020,14129,1354,1354,1354,290,96,936.5,92409,1103,121,599.5,128,1706.5,2243,49756,1280,9297,27250,27250,27250,2277,37343.5,16233,52840,9402,58147,1887,1094,2307,3884,2735,21328,1626,102943,5791,11652,678,42841,22312,8905,1729,31370,14165,280,59586,132,5024,3227
"56","MISO1-S19-1","S19",1,"BD","non-miso",67318,264,46621,1213,3902,33875,2279,2279,2279,392,123,186.5,22200,751,669,528,105,2144.5,2147,77507,2031,14883,72308,72308,72308,2213,111869.5,23107,24234,9540,72874,716,2959,2371,6125,3604,10886,808,106840,4396,9076,1300,61904,21732,3229,684,2288,14891,44297,90186,128,5979,7959
"57","MISO1-S19-2","S19",2,"BD","non-miso",132010,157,27750,4319,615,18804,2102,2102,2102,637,163,578.5,33657,3559,603,2552.5,370,1510.5,2496,61522,685,6659,109512.5,109512.5,109512.5,1421,175341.5,18857,15967,12596,4219,1874,991,2419,6541,5083,23211,2814,107993,3029,34913,2474,57086,9409,130,656,549,19425,3128,176882,276,6874,9117
"58","MISO1-S19-3","S19",3,"HD","miso",79020,99,23930,3023,1369,17209,1420,1420,1420,160,109,1042.5,58334,779,448,1598.5,328,1998.5,18445,65152,2258,8019,65950,65950,65950,3524,103960,349593,17784,10166,2552,947,1230,10494,3757,3432,18425,2076,100353,3816,10856,563,58225,12283,182,438,30733,17506,2351,107278,224,1906,2801
"59","MISO1-S19-4","S19",4,"HD","miso",69030,487,31279,5286,1570,17043,1971,1971,1971,105,277,1034.5,50009,338,308,545,1530,2121,12200,58514,1871,7990,60446.5,60446.5,60446.5,1087,100779,10484,4139,10088,2658,571,2082,3350,70530,3718,3504.5,2099,62607,3783,24232,556,58576,12777,726,1169,622,17097,1396,62997,241,1838,4205
"60","MISO1-S19-5","S19",5,"WO","non-miso",14518,338,26453,5135,510,6823,1796,1796,1796,153,237,894.5,91093,711,302,413.5,2238,1612,12226,51142,7932,4363,15264.5,15264.5,15264.5,2481,24998,9424,4318,9129,7781,1197,1510,4117,52323,1983,9034,1498,53028,2539,20004,332,24705,7441,1863,1839,100,1665,419,47096,475,1890,11484
"61","MISO1-S22-1","S22",1,"BD","non-miso",11046,310,23744,3945,2253,7560,1897,1897,1897,97,586,1472,65912,1093,483,372.5,278,1641,18127,45016,2357,16648,13575,13575,13575,1481,25675,362028.5,3531,10478,6602,318,1625,5324,50381,3291,10121.5,1838,103471,3021,19611,439,21592,20233,6502,511,204,1033,478,23853,146,1070,4759
"62","MISO1-S22-2","S22",2,"BD","non-miso",17602,194,32524,2408,2173,9188,3523,3523,3523,236,764,1080.5,94041,151,510,331,2546,1660.5,6016,58737,7737,8444,17217,17217,17217,1548,35084.5,9834.5,2168,9430,5583,838,1991,4622,52874,3505,6830,1590,103250,3809,20755,394,30495,24345,324,678,430,9194,281,41207,383,1015,4101
"63","MISO1-S22-3","S22",3,"HD","miso",12641,346,17429,5519,2855,8193,2883,2883,2883,326,106,1530.5,39234,1191,294,733,1365,1988.5,11719,51840,4145,4717,14913,14913,14913,2118,26300.5,14803.5,2034,9740,6468,1171,2055,5868,70657,3870,12974,1312,102043,4576,2215,452,26598,13453,503,399,147,8410,640,31786,409,1345,8187
"64","MISO1-S22-4","S22",4,"HD","miso",15158,247,26018,7855,2168,8937,2203,2203,2203,220,115,1253,45323,978,588,634.5,821,1578.5,6803,60116,8224,10583,18603.5,18603.5,18603.5,1180,30204,13132.5,4453,9704,8716,1060,1652,6635,60571,1805,8823,1288,103681,2584,22985,800,34194,14374,805,1195,517,8937,616,43093,146,1698,9964
"65","MISO1-S22-5","S22",5,"WO","non-miso",13145,911,40191,2818,1370,8381,2097,2097,2097,702,222,1484.5,88772,909,299,326.5,1185,1915,10642,62227,2578,7780,13080,13080,13080,1827,25813.5,359416,3711,9218,3572,1130,1254,5542,63468,6456,10993,1101,108736,4518,20256,424,22409,15719,1305,945,281,8381,329,11898,507,822,9120
"66","MISO1-S23-1","S23",1,"BD","non-miso",33420,873,27913,2145,3143,11904,1279,1279,1279,264,544,1769,93991,685,710,317.5,536,4304.5,4165,73322,1403,8905,34428,34428,34428,1076,65591,14887.5,2220,9206,5790,529,1667,2850,67872,1910,5168.5,307,104186,3123,20839,464,43575,20984,159,881,301,11904,939,46839,384,2329,3626
"67","MISO1-S23-2","S23",2,"BD","non-miso",20750,472,46110,2475,488,10228,2282,2282,2282,121,215,652.5,101924,553,472,545.5,946,1292.5,11192,54713,5695,5155,17301.5,17301.5,17301.5,2366,28624,9712.5,2672,10135,5437,1423,454,3223,62100,2431,13932.5,586,100466,8764,19709,487,27886,7608,2065,508,613,10308,387,44813,433,4059,4124
"68","MISO1-S23-3","S23",3,"HD","miso",33034,606,31642,3020,3088,9610,1484,1484,1484,498,316,1949.5,92992,467,142,636.5,1205,1620.5,10297,73840,2251,10259,27181,27181,27181,1897,43996.5,362990.5,3729,9291,6288,1018,1617,6526,67366,1535,8221.5,1830,101942,8990,20306,334,34306,56742,541,649,262,9610,1003,36293,206,3510,6234
"69","MISO1-S23-4","S23",4,"HD","miso",23596,656,17953,5858,2697,11507,1271,1271,1271,239,110,1054.5,97584,948,126,322.5,1638,1767.5,11804,79800,2821,54478,30036,30036,30036,1040,40403,12531.5,1958,11360,8953,1747,3926,2494,67506,1881,12206,2162,104788,5046,20471,1341,47044,19741,471,1272,342,11572,927,67381,126,2682,3243
"70","MISO1-S23-5","S23",5,"WO","non-miso",16040,1339,45775,3800,219,10281,1270,1270,1270,268,48,835.5,99115,971,463,178.5,779,4102,10586,68876,2188,7080,33195.5,33195.5,33195.5,1033,41425,9774.5,4877,11439,4182,1052,906,4921,64044,4196,20429,1319,62639,3499,20552,319,36102,4771,366,901,521,10281,122,15132,145,1108,6699
"71","MISO1-S24-1","S24",1,"BD","non-miso",30531,528,26961,2648,3956,13024,1559,1559,1559,541,114,964.5,43401,1720,223,186.5,1750,1756,10706,66481,8357,18357,29661.5,29661.5,29661.5,1922,45996,10881.5,2351,12035,7186,904,2516,4243,83660,2015,11559,1021,107726,3180,22141,199,44953,49250,682,322,343,13073,1144,80760,204,1712,6330
"72","MISO1-S24-2","S24",2,"BD","non-miso",18767,641,26645,2228,181,17801,1630,1630,1630,145,133,743.5,104101,380,437,172,2365,2531.5,12001,58065,14932,6140,70600.5,70600.5,70600.5,1414,89919.5,12144,12808,12397,5627,773,346,5485,84757,3674,14224,2351,58773,2868,18950,440,66484,8310,263,871,221,17801,2573,308592,125,1687,8883
"73","MISO1-S24-3","S24",3,"HD","miso",53752,738,31440,3065,110,16852,2878,2878,2878,440,132,897.5,46703,438,235,587,1145,1829,11488,57112,2208,4044,65614.5,65614.5,65614.5,1150,98522.5,366125,7222,10845,4182,996,600,6379,57849,1935,9809.5,1005,107270,2946,21483,729,57792,3981,1316,604,340,16852,44479,159313,311,2670,2889
"74","MISO1-S24-4","S24",4,"HD","miso",46717,434,22463,2008,343,16670,2029,2029,2029,512,495,1138.5,50520,337,475,582,186,1827,3895,59361,11085,63447,62831,62831,62831,2307,99287.5,10613,3010,12260,3185,620,5445,4000,74306,1612,8277,632,104936,5487,21534,488,59146,8854,636,811,128,16716,2737,126418,121,883,2057
"75","MISO1-S24-5","S24",5,"WO","non-miso",47577,686,29943,3762,16887,16389,2960,2960,2960,420,951,1888,47557,656,468,1453,390,2066.5,11333,88344,15598,43972,68281.5,68281.5,68281.5,891,118973,9292,3904,11854,4339,568,3753,4052,72819,3512,3329,2257,108931,2448,21288,147,59789,93404,606,1190,345,16389,2573,116254,414,856,3604
"76","MISO1-S26-1","S26",1,"BD","non-miso",41898,133,42089,2723,14344,10566,972,972,972,709,153,2079.5,44622,738,493,530,898,1902,12662,83635,2642,41785,51282,51282,51282,3460,82992.5,9430,5009,12755,3622,999,737,2156,54115,1532,9397.5,1328,107125,2599,19047,587,63927,47686,780,719,101,18462,2619,95152,151,2358,3330
"77","MISO1-S26-2","S26",2,"BD","non-miso",33070,1317,57077,3648,23448,13640,4340,4340,4340,223,7217,4508.5,50301,350,527,324,1434,2037,12381,65051,849,69178,47828,47828,47828,874,77670.5,10819,3358,11116,3782,518,2897,6939,96303,3950,584.5,989,110561,4638,21281,613,52579,166674,877,863,111,13640,1675,53090,112,1338,2799
"78","MISO1-S26-3","S26",3,"HD","miso",71717,574,34776,1920,52520,18656,1940,1940,1940,561,7558,2740.5,41231,1627,336,843.5,1344,4789,11595,62428,1697,4575,94602.5,94602.5,94602.5,1605,134748,7934.5,1613,11944,6408,1033,4711,5737,93654,4352,455.5,1375,105795,5489,23165,1207,66516,30091,895,554,379,19025,4149,167130,143,764,3404
"79","MISO1-S26-4","S26",4,"HD","miso",18460,774,20527,2800,32064,15914,2810,2810,2810,356,1612,4044,65444,579,108,241.5,1741,3445.5,9707,59351,7495,39433,47000,47000,47000,1095,72939.5,9927,2879,11988,1926,843,5545,3182,96830,4796,279,648,111550,3680,21912,431,52160,113296,846,1946,122,15914,2461,114379,566,831,3599
"80","MISO1-S26-5","S26",5,"WO","non-miso",39889,290,42476,4198,23875,18378,3798,3798,3798,226,9701,6284.5,26674,383,176,822.5,457,5315.5,11001,78932,8611,70390,69964,69964,69964,1159,112591.5,10928,4191,11538,5662,1265,4987,4753,67633,2766,138.5,1341,107228,2795,23147,1079,68323,123611,969,703,111,18378,3165,228628,256,723,3302
"81","MISO1-S28-1","S28",1,"BD","non-miso",33249,233,50829,2031,25750,18280,1113,1113,1113,106,660,2677.5,75346,554,400,1087.5,842,5640,10507,71858,5136,158804,79478.5,79478.5,79478.5,1597,123918.5,7864.5,2866,12538,2725,1193,5908,9909,101764,1761,311,1254,108080,6590,21769,663,63576,59115,424,805,450,18280,3141,154264,266,766,6814
"82","MISO1-S28-2","S28",2,"BD","non-miso",59074,501,28831,4267,26678,28244,3382,3382,3382,730,2430,3943.5,42281,853,105,424,1225,2201,7216,59199,6127,67369,51273,51273,51273,2545,70758.5,10739.5,5151,13425,3431,1463,5636,3820,73146,4606,9722.5,495,108861,3193,21428,826,56941,124268,468,1172,220,5662,2576,215325,808,614,5309
"83","MISO1-S28-3","S28",3,"HD","miso",26584,490,33402,3649,17055,14698,1544,1544,1544,148,1081,2051,94145,904,399,1201.5,1326,2591,11191,60430,6559,92855,38693,38693,38693,1556,66331,11647,3886,14394,3873,464,4054,3759,89850,1980,88.5,1165,111130,6663,21243,545,52024,109174,783,732,222,14738,1522,239243,104,300,8124
"84","MISO1-S28-4","S28",4,"HD","miso",92583,385,37945,3315,26981,11203,2370,2370,2370,243,12889,4813.5,37221,744,575,807.5,1747,2324,4504,47847,8933,61708,140917.5,140917.5,140917.5,680,225965.5,6702,3494,16567,3416,1320,4851,8963,104389,6655,69.5,904,122435,4651,23520,1187,52484,114216,711,1501,250,10530,2549,319827,362,1060,6969
"85","MISO1-S28-5","S28",5,"WO","non-miso",53801,111,23689,2916,41759,20908,2590,2590,2590,454,1178,6314,52597,466,334,1050,898,5771.5,9947,53183,10835,82696,137052.5,137052.5,137052.5,578,270688.5,6862,3425,15769,3441,822,8453,2904,83651,2839,475,1531,111995,6348,21989,786,67664,109298,485,1383,361,20908,53402,79017,387,1003,5601
"86","MISO1-S29-1","S29",1,"BD","non-miso",58714,738,27904,3095,26019,50304,4088,4088,4088,441,4959,734,33809,248,388,943,609,2379.5,6424,47290,13110,82201,120871.5,120871.5,120871.5,693,222475,6384.5,2869,13027,3531,464,5606,3764,88691,2101,251,2811,107462,2497,22120,1137,46105,134479,503,1196,364,22001,59854,164233,206,270,2745
"87","MISO1-S29-2","S29",2,"BD","non-miso",98514,702,25382,3263,34699,18969,2727,2727,2727,105,101,7054.5,37479,604,374,955.5,394,2833,8962,57500,520,74576,95330.5,95330.5,95330.5,1529,158984.5,7059.5,3730,13738,5907,1418,11042,3663,94748,4008,397,1304,107384,3949,21047,1538,54042,89679,1041,407,294,19122,1421,127689,268,757,3305
"88","MISO1-S29-3","S29",3,"HD","miso",25049,657,25522,3195,25644,14644,1440,1440,1440,590,9350,3512.5,54684,286,280,1029,874,6004,5423,74325,588,106981,49767.5,49767.5,49767.5,1086,84316,8004.5,3913,12734,4679,374,5755,3357,96792,2177,372,3269,57624,4080,25079,403,51471,104190,413,420,105,14644,1692,83068,297,515,7063
"89","MISO1-S29-4","S29",4,"HD","miso",31014,132,42086,1939,27683,16846,2597,2597,2597,706,13924,1805,37917,441,96,626,925,1887,10848,62244,841,56343,75211.5,75211.5,75211.5,1167,130968,6793.5,1863,15259,1919,464,4904,2700,96803,2281,155.5,972,106966,3992,25261,363,63393,154430,428,671,269,16846,2827,76661,137,229,6976
"90","MISO1-S29-5","S29",5,"WO","non-miso",42827,694,24909,2148,23048,17876,1604,1604,1604,459,870,3444,43132,419,620,788.5,619,2436,10890,58837,14034,103600,94099,94099,94099,1076,164277.5,9063,5528,13573,3446,856,4231,10885,65569,3707,105,2500,111817,3117,21261,559,64181,67887,663,761,111,17754,3273,187759,132,500,7060
"91","MISO1-S30-1","S30",1,"BD","non-miso",60961,571,24502,2379,23388,11800,2347,2347,2347,118,1057,2426.5,35799,865,719,803,1773,4789,7746,74445,8084,69955,40437,40437,40437,743,80050,11611,4288,12737,2632,541,9914,7116,92387,3867,140.5,795,110114,2823,27357,490,44118,65078,1378,874,216,11800,877,56117,405,2364,9243
"92","MISO1-S30-2","S30",2,"BD","non-miso",24642,754,33409,4187,21599,12335,3115,3115,3115,379,1735,3023,97424,715,416,1246.5,1183,3709,6568,76707,6933,187195,44948.5,44948.5,44948.5,739,67183,10864.5,4142,10711,3377,596,3175,6614,112029,2948,105,1693,108019,4599,23164,320,47823,166484,866,775,212,12335,1305,111015,98,787,5950
"93","MISO1-S30-3","S30",3,"HD","miso",25391,237,23935,2911,22962,12135,3670,3670,3670,728,1834,3389.5,89609,523,116,980.5,967,2742.5,9248,79145,6825,112553,41490,41490,41490,1385,69790.5,11809,3339,12841,2644,456,5512,5635,99776,5045,283.5,255,114036,5198,23652,1003,47939,97643,210,162,340,12135,1443,90922,172,515,4493
"94","MISO1-S30-4","S30",4,"HD","miso",62539,1259,23052,2701,33157,12555,1737,1737,1737,479,2200,2105,41757,297,278,563.5,1404,1892.5,6707,73635,6861,121792,44853.5,44853.5,44853.5,1546,70675.5,10920.5,2037,14167,4645,645,6454,3645,109244,5852,181.5,1719,108587,4240,21238,357,51620,55248,767,588,261,12555,1650,76463,334,624,3096
"95","MISO1-S30-5","S30",5,"WO","non-miso",33108,94,32879,23077,32048,13785,2563,2563,2563,19663,10060,3216,50900,1046,342,1265,45.5,1884,1362,71459,10257,41704,52226,52226,52226,1122,52509.5,18781,6044,15998,5791,691,6284,6336,10836,6058,11218.5,701,113620,10789,79255,934,50889,105551,900,1222,179,13785,1411,23579,111,932,5496
"96","MISO1-S31-1","S31",1,"BD","non-miso",23157,352,30755,1935,28885,10242,1989,1989,1989,252,1347,3421,51586,748,293,1179.5,91,2593,12450,76143,887,201268,34141,34141,34141,756,36156.5,8653.5,78607,14008,3233,1444,3826,9000,15644,2106,440,655,113567,2251,14435,466,40292,44563,2183,628,211,1589,1184,18181,103,982,2031
"97","MISO1-S31-2","S31",2,"BD","non-miso",21966,249,21899,1375,18611,7738,2682,2682,2682,235,2004,1241,69285,1147,308,580.5,484,2000,13187,56951,488,136635,25986,25986,25986,941,20952.5,6169,14626,13888,5282,899,3319,4845,3363,2058,327,712,110562,2132,27472,1116,30389,66878,3814,322,150,2277,387,50465,208,262,6591
"98","MISO1-S31-3","S31",3,"HD","miso",30395,333,42074,5345,37278,9318,1899,1899,1899,131,1672,1779.5,99989,1101,285,301,709,3493,11396,68553,4779,75714,29024,29024,29024,1021,35738.5,11281,2171,16254,2702,651,4372,3494,95834,1746,159,923,115572,2703,3167,508,35002,60651,112,624,146,1057,844,43703,565,713,5302
"99","MISO1-S31-4","S31",4,"HD","miso",35617,445,32884,2731,32148,30921,1248,1248,1248,489,1757,4645.5,94652,551,458,601,516,3552,10550,61105,8819,68944,33949,33949,33949,1962,30900.5,6726,2515,15122,7524,554,3750,10103,54822,3307,140.5,811,60232,4354,3960,168,34501,126051,234,540,136,9892,765,62390,290,1096,3864
"100","MISO1-S31-5","S31",5,"WO","non-miso",15419,279,28847,2706,39271,9278,2887,2887,2887,340,956,2481,92946,1171,391,1279,1174,2673.5,984,65465,7093,100748,22715.5,22715.5,22715.5,1081,28966.5,9532,3203,17790,6270,511,4499,6569,15097,3138,1386,907,64480,2580,4424,448,27870,76991,1250,194,574,11944,1071,25805,534,656,3603
"101","MISO1-S32-1","S32",1,"BD","non-miso",20701,214,29255,2484,42262,12637,1790,1790,1790,136,2015,3249.5,95102,833,456,837.5,1005,2520.5,1433,53521,5670,131741,22455,22455,22455,449,31086,7408,2247,17295,4598,790,4507,4852,20166,1777,8843,1028,112818,3446,3296,339,33198,90715,1025,608,548,10580,391,39538,212,611,3569
"102","MISO1-S32-2","S32",2,"BD","non-miso",21300,238,28197,2751,22137,10583,2340,2340,2340,224,1710,3426,103040,436,409,1551.5,395,2571.5,1856,59177,2890,94786,20072.5,20072.5,20072.5,206,26942.5,6016.5,3850,19399,3323,632,8696,10808,17398,3814,391,2091,62859,2720,3282,1025,30792,211561,5603,518,110,10583,21210,59606,602,951,3355
"103","MISO1-S32-3","S32",3,"HD","miso",27462,123,29360,2356,34998,15440,3340,3340,3340,435,1282,3631.5,89318,418,559,1402,672,2286.5,748,61776,2987,131155,28325.5,28325.5,28325.5,428,41757.5,5468.5,4396,17269,3537,633,6973,5259,40066,2582,146.5,1605,110919,5622,3296,1324,39485,159480,1043,1084,558,12254,22657,47963,125,877,6869
"104","MISO1-S32-4","S32",4,"HD","miso",31723,47,20405,2663,33992,24019,2274,2274,2274,406,1356,2956.5,41461,449,176,1381.5,1482,2188.5,774,74478,2891,69379,38035,38035,38035,797,46230.5,3517,4800,12710,1936,1113,6234,4620,107903,1950,293,1849,114287,2768,4606,420,43078,83271,1909,1269,351,12365,1168,58681,230,702,5540
